datetime,temperature,humidity,air_quality,gas_status,anomaly
2026-05-26 15:43:45,28.7,63.1,53,Safe,False
2026-05-26 15:43:48,28.7,63,53,Safe,False
2026-05-26 15:43:51,28.7,63.1,49,Safe,False
2026-05-26 15:43:54,28.7,63.1,52,Safe,False
2026-05-26 15:43:58,28.7,63.1,52,Safe,False
2026-05-26 15:44:01,28.8,63,52,Safe,False
2026-05-26 15:44:04,28.7,63.1,53,Safe,False
2026-05-26 15:44:07,28.7,63.1,52,Safe,False
2026-05-26 15:44:10,28.7,63.1,54,Safe,False
2026-05-26 15:44:14,28.7,63.2,73,Safe,False
2026-05-26 15:44:17,28.8,63.1,53,Safe,False
2026-05-26 15:44:20,28.8,63.1,49,Safe,False
2026-05-26 15:44:23,28.8,63.2,60,Safe,False
2026-05-26 15:44:27,28.8,63.1,72,Safe,False
2026-05-26 15:44:30,28.7,63.2,53,Safe,False
2026-05-26 15:44:33,28.7,63.2,52,Safe,False
2026-05-26 15:44:37,28.8,63.1,53,Safe,False
2026-05-26 15:44:40,28.7,63.2,51,Safe,False
2026-05-26 15:44:44,28.7,63.2,49,Safe,False
2026-05-26 15:44:47,28.8,63.1,55,Safe,False
2026-05-26 15:44:50,28.7,63.2,48,Safe,False
2026-05-26 15:44:54,28.7,63.2,51,Safe,False
2026-05-26 15:44:57,28.8,63.1,58,Safe,False
2026-05-26 15:45:00,28.8,63.1,50,Safe,False
2026-05-26 15:45:04,28.8,63.1,0,Safe,False
2026-05-26 15:45:08,28.7,63.1,51,Safe,False
2026-05-26 15:45:11,28.8,63,47,Safe,True
2026-05-26 15:45:14,28.8,63.1,48,Safe,False
2026-05-26 15:45:18,28.8,63.1,49,Safe,False
2026-05-26 15:45:21,28.8,63.1,54,Safe,False
2026-05-26 15:45:25,28.8,63.1,53,Safe,False
2026-05-26 15:45:28,28.8,63.1,53,Safe,False
2026-05-26 15:45:31,28.7,63.2,49,Safe,False
2026-05-26 15:45:35,28.8,63.1,48,Safe,False
2026-05-26 15:45:38,28.8,63.1,51,Safe,False
2026-05-26 15:45:41,28.8,63.1,51,Safe,False
2026-05-26 15:45:45,28.7,63.2,31,Safe,False
2026-05-26 15:45:48,28.8,63.1,48,Safe,False
2026-05-26 15:45:51,28.8,63,50,Safe,True
2026-05-26 15:45:55,28.7,63.1,51,Safe,False
2026-05-26 15:45:58,28.8,63,80,Safe,False
2026-05-26 15:46:01,28.7,63.1,49,Safe,False
2026-05-26 15:46:05,28.8,62.9,50,Safe,False
2026-05-26 15:46:08,28.8,63,48,Safe,False
2026-05-26 15:46:11,28.8,65.4,48,Safe,False
2026-05-26 15:46:14,28.8,65.7,48,Safe,False
2026-05-26 15:46:18,28.9,65.2,37,Safe,False
2026-05-26 15:46:21,28.9,67.2,35,Safe,False
2026-05-26 15:46:25,29.1,72,41,Safe,False
2026-05-26 15:46:28,29.3,75.4,37,Safe,False
2026-05-26 15:46:31,29.6,77.6,37,Safe,False
2026-05-26 15:46:35,29.9,79.4,42,Safe,False
2026-05-26 15:46:38,30.2,81,32,Safe,True
2026-05-26 15:46:42,30.5,82.3,43,Safe,False
2026-05-26 15:46:45,30.8,83.4,40,Safe,False
2026-05-26 15:46:48,31,84,47,Safe,False
2026-05-26 15:46:51,31.2,84.6,42,Safe,False
2026-05-26 15:46:54,31.4,84.9,44,Safe,False
2026-05-26 15:46:58,31.7,85.4,40,Safe,False
2026-05-26 15:47:01,31.8,85.1,39,Safe,False
2026-05-26 15:47:05,31.9,83,38,Safe,True
2026-05-26 15:47:09,32,78.5,38,Safe,True
2026-05-26 15:47:12,32,74.7,41,Safe,True
2026-05-26 15:47:16,32,71,44,Safe,True
2026-05-26 15:47:19,32,67.2,42,Safe,True
2026-05-26 15:47:22,31.9,64.6,38,Safe,True
2026-05-26 15:47:26,31.9,62.3,48,Safe,True
2026-05-26 15:47:29,31.8,60.8,38,Safe,True
2026-05-26 15:47:32,31.7,59.7,38,Safe,True
2026-05-26 15:47:36,31.7,58.9,42,Safe,True
2026-05-26 15:47:39,31.6,58.2,42,Safe,True
2026-05-26 15:47:43,31.6,57.7,42,Safe,True
2026-05-26 15:47:46,31.5,57.4,37,Safe,True
2026-05-26 15:47:49,31.4,57.1,41,Safe,True
2026-05-26 15:47:53,31.4,56.9,41,Safe,True
2026-05-26 15:47:56,31.4,56.6,41,Safe,True
2026-05-26 15:48:00,31.3,56.5,39,Safe,True
2026-05-26 15:48:03,31.2,56.5,38,Safe,True
2026-05-26 15:48:06,31.1,56.4,42,Safe,True
2026-05-26 15:48:09,31.1,56.4,40,Safe,True
2026-05-26 15:48:13,31,56.4,42,Safe,False
2026-05-26 15:48:16,31,56.5,35,Safe,False
2026-05-26 15:48:20,30.9,56.6,42,Safe,False
2026-05-26 15:48:23,30.9,56.6,41,Safe,False
2026-05-26 15:48:27,30.8,56.6,42,Safe,False
2026-05-26 15:48:30,30.8,56.8,39,Safe,False
2026-05-26 15:48:34,30.7,56.9,31,Safe,True
2026-05-26 15:48:38,30.7,62.6,33,Safe,True
2026-05-26 15:48:41,30.7,65.1,39,Safe,False
2026-05-26 15:48:44,30.6,63.7,39,Safe,False
2026-05-26 15:48:47,30.6,63.1,38,Safe,False
2026-05-26 15:48:51,30.6,61.8,39,Safe,False
2026-05-26 15:48:55,30.6,60.8,0,Safe,True
2026-05-26 15:48:59,30.5,60,29,Safe,True
2026-05-26 15:49:02,30.5,59.5,31,Safe,True
2026-05-26 15:49:05,30.5,59.7,32,Safe,True
2026-05-26 15:49:09,30.5,60,31,Safe,True
2026-05-26 15:49:13,30.4,59.9,33,Safe,True
2026-05-26 15:49:16,30.4,59.5,34,Safe,True
2026-05-26 15:49:19,30.3,59.2,34,Safe,True
2026-05-26 15:49:23,30.3,59,32,Safe,False
2026-05-26 15:49:26,30.2,59,32,Safe,False
2026-05-26 15:49:29,30.2,58.9,73,Safe,True
2026-05-26 15:49:33,30.1,58.9,30,Safe,False
2026-05-26 15:49:36,30.1,58.9,11,Safe,True
2026-05-26 15:49:39,30.1,61.7,48,Safe,False
2026-05-26 15:49:43,30,65.1,34,Safe,False
2026-05-26 15:49:46,30,66.8,34,Safe,False
2026-05-26 15:49:49,30,65.3,35,Safe,False
2026-05-26 15:49:53,30,63.9,34,Safe,False
2026-05-26 15:49:56,30,62.8,35,Safe,False
2026-05-26 15:49:59,29.9,62,35,Safe,False
2026-05-26 15:50:03,29.9,61.4,33,Safe,False
2026-05-26 15:50:06,29.9,60.9,38,Safe,False
2026-05-26 15:50:10,29.9,60.6,36,Safe,False
2026-05-26 15:50:13,29.8,60.4,36,Safe,False
2026-05-26 15:50:16,29.8,60.7,38,Safe,False
2026-05-26 15:50:20,29.8,60.8,35,Safe,False
2026-05-26 15:50:23,29.7,60.6,33,Safe,False
2026-05-26 15:50:27,29.7,60.4,35,Safe,False
2026-05-26 15:50:30,29.7,60.4,35,Safe,False
2026-05-26 15:50:33,29.6,60.4,34,Safe,False
2026-05-26 15:50:37,29.6,60.4,41,Safe,False
2026-05-26 15:50:41,29.6,60.2,34,Safe,False
2026-05-26 15:50:44,29.5,60.2,36,Safe,False
2026-05-26 15:50:47,29.5,60.2,34,Safe,False
2026-05-26 15:50:51,29.5,60.3,34,Safe,False
2026-05-26 15:50:54,29.5,60.4,35,Safe,False
2026-05-26 15:50:58,29.4,60.7,34,Safe,False
2026-05-26 15:51:01,29.4,60.7,37,Safe,False
2026-05-26 15:51:04,29.4,60.8,36,Safe,False
2026-05-26 15:51:08,29.4,60.9,35,Safe,False
2026-05-26 15:51:11,29.4,60.9,34,Safe,False
2026-05-26 15:51:15,29.4,60.9,34,Safe,False
2026-05-26 15:51:18,29.3,60.9,37,Safe,False
2026-05-26 15:51:22,29.3,60.9,33,Safe,False
2026-05-26 15:51:25,29.3,61,16,Safe,False
2026-05-26 15:51:29,29.3,61,32,Safe,False
2026-05-26 15:51:32,29.3,61,35,Safe,False
2026-05-26 15:51:36,29.3,61,33,Safe,False
2026-05-26 15:51:39,29.3,60.9,29,Safe,False
2026-05-26 15:51:42,29.3,61,25,Safe,False
2026-05-26 15:51:45,29.3,61,26,Safe,False
2026-05-26 15:51:49,29.2,61.1,27,Safe,False
2026-05-26 15:51:52,29.2,61.1,22,Safe,False
2026-05-26 15:51:55,29.2,61.1,26,Safe,False
2026-05-26 15:51:59,29.2,61.1,28,Safe,False
2026-05-26 15:52:02,29.2,61.2,25,Safe,False
2026-05-26 15:52:06,29.2,61.4,25,Safe,False
2026-05-26 15:52:09,29.2,61.5,26,Safe,False
2026-05-26 15:52:12,29.2,61.6,27,Safe,False
2026-05-26 15:52:15,29.1,61.6,25,Safe,False
2026-05-26 15:52:19,29.1,61.6,27,Safe,False
2026-05-26 15:52:22,29.1,61.6,28,Safe,False
2026-05-26 15:52:25,29.1,61.6,11,Safe,True
2026-05-26 15:52:29,29.1,61.6,25,Safe,False
2026-05-26 15:52:33,29.1,61.7,23,Safe,False
2026-05-26 15:52:36,29,61.6,26,Safe,False
2026-05-26 15:52:40,29,61.7,29,Safe,False
2026-05-26 15:52:43,29,61.7,30,Safe,False
2026-05-26 15:52:47,29,61.7,27,Safe,False
2026-05-26 15:52:50,29,61.7,27,Safe,False
2026-05-26 15:52:54,29,61.7,26,Safe,False
2026-05-26 15:52:57,29,61.7,25,Safe,False
2026-05-26 15:53:00,29,61.8,23,Safe,False
2026-05-26 15:53:04,29,61.9,30,Safe,False
2026-05-26 15:53:07,29,61.9,27,Safe,False
2026-05-26 15:53:10,29,61.9,30,Safe,False
2026-05-26 15:53:13,28.9,62,31,Safe,False
2026-05-26 15:53:17,28.9,62,31,Safe,False
2026-05-26 15:53:20,28.9,62,32,Safe,False
2026-05-26 15:53:24,28.9,62.1,80,Safe,True
2026-05-26 15:53:27,28.9,62.2,33,Safe,False
2026-05-26 15:53:30,28.9,62.1,18,Safe,False
2026-05-26 15:53:33,28.9,62,35,Safe,False
2026-05-26 15:53:37,28.9,62,32,Safe,False
2026-05-26 15:53:40,28.9,62,35,Safe,False
2026-05-26 15:53:43,28.9,62,34,Safe,False
2026-05-26 15:53:46,28.9,62,36,Safe,False
2026-05-26 15:53:50,28.9,61.9,34,Safe,False
2026-05-26 15:53:53,28.9,61.9,33,Safe,False
2026-05-26 15:53:57,28.9,61.9,35,Safe,False
2026-05-26 15:54:00,28.9,61.9,9,Safe,False
2026-05-26 15:54:04,28.9,62,38,Safe,False
2026-05-26 15:54:07,28.8,62,32,Safe,False
2026-05-26 15:54:10,28.8,62,91,Safe,True
2026-05-26 15:54:14,28.8,62.2,36,Safe,False
2026-05-26 15:54:17,28.8,62.3,30,Safe,False
2026-05-26 15:54:20,28.8,62.4,36,Safe,False
2026-05-26 15:54:24,28.8,62.5,34,Safe,False
2026-05-26 15:54:27,28.8,62.5,33,Safe,False
2026-05-26 15:54:30,28.8,62.4,35,Safe,False
2026-05-26 15:54:34,28.8,62.4,38,Safe,False
2026-05-26 15:54:38,28.8,63,35,Safe,False
2026-05-26 15:54:41,28.9,64,37,Safe,False
2026-05-26 15:54:56,28.9,64.4,35,Safe,False
2026-05-26 15:54:59,28.9,63.1,38,Safe,False
2026-05-26 15:55:03,28.9,62.9,42,Safe,False
2026-05-26 15:55:06,28.9,62.7,37,Safe,False
2026-05-26 15:55:10,28.9,62.7,38,Safe,False
2026-05-26 15:55:14,28.8,62.5,41,Safe,False
2026-05-26 15:55:17,28.8,62.4,32,Safe,False
2026-05-26 15:55:21,28.8,63.3,33,Safe,False
2026-05-26 15:55:24,28.8,63.4,32,Safe,False
2026-05-26 15:55:28,28.8,63.1,35,Safe,False
2026-05-26 15:55:31,28.8,63.2,42,Safe,False
2026-05-26 15:55:35,28.9,63.2,36,Safe,False
2026-05-26 15:55:38,28.8,63.3,32,Safe,False
2026-05-26 15:55:42,28.9,63,34,Safe,False
2026-05-26 15:55:45,28.8,63,32,Safe,False
2026-05-26 15:55:48,28.8,63,34,Safe,False
2026-05-26 15:55:52,28.8,62.9,34,Safe,False
2026-05-26 15:55:55,28.8,63,34,Safe,False
2026-05-26 15:55:59,28.9,63.6,56,Safe,False
2026-05-26 15:56:02,28.8,63.5,33,Safe,False
2026-05-26 15:56:06,28.8,63.3,34,Safe,False
2026-05-26 15:56:09,28.8,63.1,32,Safe,False
2026-05-26 15:56:12,28.8,63,33,Safe,False
2026-05-26 15:56:16,28.8,62.9,35,Safe,False
2026-05-26 15:56:19,28.8,62.8,35,Safe,False
2026-05-26 15:56:22,28.8,62.7,31,Safe,False
2026-05-26 15:56:26,28.8,62.7,29,Safe,False
2026-05-26 15:56:29,28.8,62.6,33,Safe,False
2026-05-26 15:56:32,28.8,62.5,33,Safe,False
2026-05-26 15:56:35,28.8,62.5,19,Safe,False
2026-05-26 15:56:39,28.8,62.5,31,Safe,False
2026-05-26 15:56:42,28.8,62.5,32,Safe,False
2026-05-26 15:56:46,28.8,62.5,34,Safe,False
2026-05-26 15:56:49,28.8,62.5,30,Safe,False
2026-05-26 15:56:52,28.8,62.4,32,Safe,False
2026-05-26 15:56:56,28.8,62.5,34,Safe,False
2026-05-26 15:57:00,28.8,62.5,34,Safe,False
2026-05-26 15:57:03,28.8,62.5,33,Safe,False
2026-05-26 15:57:07,28.8,62.8,29,Safe,False
2026-05-26 15:57:11,28.8,62.9,33,Safe,False
2026-05-26 15:57:14,28.8,62.9,32,Safe,False
2026-05-26 15:57:18,28.8,62.9,34,Safe,False
2026-05-26 15:57:21,28.8,63,32,Safe,False
2026-05-26 15:57:25,28.8,63.1,32,Safe,False
2026-05-26 15:57:28,28.8,63.1,32,Safe,False
2026-05-26 15:57:32,28.8,63.1,30,Safe,False
2026-05-26 15:57:35,28.8,63.1,32,Safe,False
2026-05-26 15:57:38,28.8,63.2,32,Safe,False
2026-05-26 15:57:42,28.8,63.3,32,Safe,False
2026-05-26 15:57:45,28.8,63.5,35,Safe,False
2026-05-26 15:57:48,28.8,63.5,33,Safe,False
2026-05-26 15:57:52,28.8,63.3,32,Safe,False
2026-05-26 15:57:55,28.8,63.3,32,Safe,False
2026-05-26 15:57:59,28.8,63.3,31,Safe,False
2026-05-26 15:58:02,28.8,63.3,33,Safe,False
2026-05-26 15:58:06,28.8,63.3,34,Safe,False
2026-05-26 15:58:09,28.8,63.3,31,Safe,False
2026-05-26 15:58:12,28.8,63.5,33,Safe,False
2026-05-26 15:58:15,28.8,63.5,32,Safe,False
2026-05-26 15:58:19,28.8,63.4,33,Safe,False
2026-05-26 15:58:23,28.8,63.3,34,Safe,False
2026-05-26 15:58:26,28.8,63.4,30,Safe,False
2026-05-26 15:58:30,28.8,63.5,33,Safe,False
2026-05-26 15:58:33,28.8,63.5,34,Safe,False
2026-05-26 15:58:36,28.8,63.4,34,Safe,False
2026-05-26 15:58:40,28.8,63.3,33,Safe,False
2026-05-26 15:58:43,28.8,63.3,41,Safe,False
2026-05-26 15:58:47,28.8,63.1,32,Safe,False
2026-05-26 15:58:50,28.8,63,34,Safe,False
2026-05-26 15:58:53,28.8,63,33,Safe,False
2026-05-26 15:58:57,28.8,62.9,34,Safe,False
2026-05-26 15:59:00,28.8,62.9,32,Safe,False
2026-05-26 15:59:04,28.8,62.9,33,Safe,False
2026-05-26 15:59:07,28.8,62.9,36,Safe,False
2026-05-26 15:59:11,28.8,62.9,31,Safe,False
2026-05-26 15:59:15,28.8,62.9,32,Safe,False
2026-05-26 15:59:18,28.8,62.9,36,Safe,False
2026-05-26 15:59:22,28.8,62.9,33,Safe,False
2026-05-26 15:59:25,28.8,62.9,33,Safe,False
2026-05-26 15:59:28,28.8,62.9,35,Safe,False
2026-05-26 15:59:32,28.8,62.9,32,Safe,False
2026-05-26 15:59:35,28.8,62.9,33,Safe,False
2026-05-26 15:59:38,28.8,62.9,34,Safe,False
2026-05-26 15:59:42,28.8,62.9,32,Safe,False
2026-05-26 15:59:46,28.8,62.9,33,Safe,False
2026-05-26 15:59:49,28.8,62.9,33,Safe,False
2026-05-26 15:59:52,28.8,62.9,33,Safe,False
2026-05-26 15:59:56,28.8,62.9,34,Safe,False
2026-05-26 16:00:00,28.8,62.9,33,Safe,False
2026-05-26 16:00:04,28.8,62.9,33,Safe,False
2026-05-26 16:00:07,28.8,62.9,33,Safe,False
2026-05-26 16:00:10,28.8,62.9,33,Safe,False
2026-05-26 16:00:14,28.8,62.9,33,Safe,False
2026-05-26 16:00:18,28.8,62.9,32,Safe,False
2026-05-26 16:00:22,28.8,62.8,36,Safe,False
2026-05-26 16:00:25,28.8,62.8,32,Safe,False
2026-05-26 16:00:28,28.8,62.7,32,Safe,False
2026-05-26 16:00:32,28.8,62.7,32,Safe,False
2026-05-26 16:00:35,28.8,62.7,32,Safe,False
2026-05-26 16:00:38,28.8,62.7,32,Safe,False
2026-05-26 16:00:42,28.8,62.7,32,Safe,False
2026-05-26 16:00:45,28.8,62.6,32,Safe,False
2026-05-26 16:00:48,28.7,62.7,32,Safe,False
2026-05-26 16:00:52,28.8,62.5,11,Safe,True
2026-05-26 16:00:56,28.8,62.5,33,Safe,False
2026-05-26 16:00:59,28.7,62.6,33,Safe,True
2026-05-26 16:01:02,28.7,62.8,32,Safe,True
2026-05-26 16:01:06,28.7,63,31,Safe,True
2026-05-26 16:01:10,28.7,63,33,Safe,False
2026-05-26 16:01:13,28.7,63,30,Safe,True
2026-05-26 16:01:17,28.7,62.9,32,Safe,True
2026-05-26 16:01:20,28.7,62.9,46,Safe,True
2026-05-26 16:01:24,28.7,63,32,Safe,False
2026-05-26 16:01:27,28.7,63,32,Safe,False
2026-05-26 16:01:31,28.7,63.1,25,Safe,True
2026-05-26 16:01:35,28.7,63,29,Safe,True
2026-05-26 16:01:38,28.7,63,35,Safe,True
2026-05-26 16:01:41,28.7,63,34,Safe,False
2026-05-26 16:01:44,28.7,63,32,Safe,False
2026-05-26 16:01:48,28.7,63,39,Safe,True
2026-05-26 16:01:51,28.7,63.1,35,Safe,True
2026-05-26 16:01:54,28.7,63.3,30,Safe,True
2026-05-26 16:01:57,28.7,63.4,32,Safe,True
2026-05-26 16:02:01,28.7,63.2,33,Safe,True
2026-05-26 16:02:05,28.7,63.2,32,Safe,True
2026-05-26 16:02:08,28.7,63.1,33,Safe,False
2026-05-26 16:02:12,28.7,63.1,32,Safe,False
2026-05-26 16:02:15,28.8,62.9,33,Safe,False
2026-05-26 16:02:19,28.7,63.1,33,Safe,False
2026-05-26 16:02:23,28.7,63.1,32,Safe,False
2026-05-26 16:02:26,28.7,63.1,33,Safe,False
2026-05-26 16:02:30,28.8,63,32,Safe,False
2026-05-26 16:02:34,28.8,63,33,Safe,False
2026-05-26 16:02:38,28.8,63,33,Safe,False
2026-05-26 16:02:41,28.8,63.1,32,Safe,False
2026-05-26 16:02:45,28.8,63,32,Safe,False
2026-05-26 16:02:49,28.8,63,33,Safe,False
2026-05-26 16:02:52,28.8,63,33,Safe,False
2026-05-26 16:02:55,28.8,63,32,Safe,False
2026-05-26 16:02:59,28.8,63,34,Safe,False
2026-05-26 16:03:03,28.8,64.3,33,Safe,False
2026-05-26 16:03:06,28.8,66.3,33,Safe,False
2026-05-26 16:03:09,28.8,66.2,33,Safe,False
2026-05-26 16:03:12,28.8,65.7,35,Safe,False
2026-05-26 16:03:15,28.8,65.2,65,Safe,True
2026-05-26 16:03:19,28.9,64.7,33,Safe,False
2026-05-26 16:03:22,28.8,64.4,32,Safe,False
2026-05-26 16:03:26,28.8,64.1,33,Safe,False
2026-05-26 16:03:29,28.9,63.8,31,Safe,False
2026-05-26 16:03:32,28.8,63.5,30,Safe,False
2026-05-26 16:03:35,28.8,63.4,32,Safe,False
2026-05-26 16:03:38,28.8,63.3,28,Safe,False
2026-05-26 16:03:42,28.8,63.2,32,Safe,False
2026-05-26 16:03:46,28.8,63.1,28,Safe,False
2026-05-26 16:03:49,28.8,63.1,30,Safe,False
2026-05-26 16:03:53,28.8,63,32,Safe,False
2026-05-26 16:03:56,28.8,63,34,Safe,False
2026-05-26 16:04:00,28.8,63,32,Safe,False
2026-05-26 16:04:04,28.8,62.9,31,Safe,False
2026-05-26 16:04:07,28.8,62.9,31,Safe,False
2026-05-26 16:04:11,28.8,62.9,30,Safe,False
2026-05-26 16:04:14,28.8,62.9,32,Safe,False
2026-05-26 16:04:17,28.8,62.9,26,Safe,False
2026-05-26 16:04:21,28.8,62.8,32,Safe,False
2026-05-26 16:04:24,28.8,62.8,34,Safe,False
2026-05-26 16:04:28,28.8,62.8,35,Safe,False
2026-05-26 16:04:31,28.8,62.7,0,Safe,True
2026-05-26 16:04:35,28.8,62.7,27,Safe,False
2026-05-26 16:04:38,28.8,62.7,30,Safe,False
2026-05-26 16:04:41,28.8,62.7,32,Safe,False
2026-05-26 16:04:45,28.8,62.7,33,Safe,False
2026-05-26 16:04:48,28.8,62.7,30,Safe,False
2026-05-26 16:04:51,28.8,62.6,29,Safe,False
2026-05-26 16:04:55,28.8,62.5,33,Safe,False
2026-05-26 16:04:59,28.8,62.5,32,Safe,False
2026-05-26 16:05:02,28.8,62.5,32,Safe,False
2026-05-26 16:05:05,28.8,62.4,30,Safe,False
2026-05-26 16:05:09,28.8,62.4,35,Safe,False
2026-05-26 16:05:12,28.8,62.4,31,Safe,False
2026-05-26 16:05:16,28.8,62.4,32,Safe,False
2026-05-26 16:05:19,28.8,62.4,33,Safe,False
2026-05-26 16:05:22,28.8,62.4,33,Safe,False
2026-05-26 16:05:26,28.8,62.4,31,Safe,False
2026-05-26 16:05:29,28.8,62.4,33,Safe,False
2026-05-26 16:05:32,28.8,62.4,30,Safe,False
2026-05-26 16:05:35,28.8,62.4,30,Safe,False
2026-05-26 16:05:39,28.8,62.4,32,Safe,False
2026-05-26 16:05:42,28.8,62.4,31,Safe,False
2026-05-26 16:05:46,28.8,62.2,32,Safe,False
2026-05-26 16:05:49,28.8,62.2,32,Safe,False
2026-05-26 16:05:53,28.8,62.2,32,Safe,False
2026-05-26 16:05:56,28.8,62.3,31,Safe,False
2026-05-26 16:06:00,28.8,62.3,33,Safe,False
2026-05-26 16:06:03,28.8,62.4,33,Safe,False
2026-05-26 16:06:07,28.8,62.4,48,Safe,False
2026-05-26 16:06:10,28.8,62.4,0,Safe,True
2026-05-26 16:06:13,28.8,62.4,32,Safe,False
2026-05-26 16:06:17,28.8,62.4,30,Safe,False
2026-05-26 16:06:20,28.8,62.4,29,Safe,False
2026-05-26 16:06:23,28.8,62.4,31,Safe,False
2026-05-26 16:06:26,28.8,62.5,29,Safe,False
2026-05-26 16:06:30,28.8,62.7,26,Safe,False
2026-05-26 16:06:34,28.8,62.7,31,Safe,False
2026-05-26 16:06:38,28.8,62.7,30,Safe,False
2026-05-26 16:06:41,28.8,62.6,32,Safe,False
2026-05-26 16:06:44,28.8,62.6,32,Safe,False
2026-05-26 16:06:48,28.8,62.7,35,Safe,False
2026-05-26 16:06:51,28.8,62.7,30,Safe,False
2026-05-26 16:06:54,28.8,62.7,30,Safe,False
2026-05-26 16:06:58,28.8,62.7,31,Safe,False
2026-05-26 16:07:01,28.8,62.7,31,Safe,False
2026-05-26 16:07:04,28.8,62.6,29,Safe,False
2026-05-26 16:07:08,28.8,62.6,33,Safe,False
2026-05-26 16:07:11,28.8,62.5,31,Safe,False
2026-05-26 16:07:14,28.8,62.5,29,Safe,False
2026-05-26 16:07:18,28.8,62.5,31,Safe,False
2026-05-26 16:07:22,28.8,62.5,30,Safe,False
2026-05-26 16:07:25,28.8,62.5,29,Safe,False
2026-05-26 16:07:28,28.8,62.5,32,Safe,False
2026-05-26 16:07:31,28.8,62.4,29,Safe,False
2026-05-26 16:07:35,28.8,62.3,30,Safe,False
2026-05-26 16:07:39,28.8,62.2,32,Safe,False
2026-05-26 16:07:42,28.8,62.2,34,Safe,False
2026-05-26 16:07:46,28.8,62.2,30,Safe,False
2026-05-26 16:07:49,28.8,62.2,33,Safe,False
2026-05-26 16:07:53,28.8,62.1,30,Safe,False
2026-05-26 16:07:56,28.8,62.2,32,Safe,False
2026-05-26 16:07:59,28.8,62.2,29,Safe,False
2026-05-26 16:08:02,28.8,62.2,29,Safe,False
2026-05-26 16:08:06,28.8,62.2,29,Safe,False
2026-05-26 16:08:09,28.8,62.1,30,Safe,False
2026-05-26 16:08:12,28.8,62.1,30,Safe,False
2026-05-26 16:08:16,28.8,62.1,30,Safe,False
2026-05-26 16:08:19,28.8,62.1,30,Safe,False
2026-05-26 16:08:23,28.8,62.1,29,Safe,False
2026-05-26 16:08:26,28.8,62.1,30,Safe,False
2026-05-26 16:08:30,28.8,62.1,30,Safe,False
2026-05-26 16:08:34,28.8,62,29,Safe,False
2026-05-26 16:08:38,28.8,62,30,Safe,False
2026-05-26 16:08:41,28.8,62,29,Safe,False
2026-05-26 16:08:45,28.8,62,28,Safe,False
2026-05-26 16:08:49,28.8,62.1,30,Safe,False
2026-05-26 16:08:52,28.8,62.2,28,Safe,False
2026-05-26 16:08:55,28.8,62.2,30,Safe,False
2026-05-26 16:08:58,28.8,62.2,30,Safe,False
2026-05-26 16:09:02,28.8,62.3,29,Safe,False
2026-05-26 16:09:05,28.8,62.3,32,Safe,False
2026-05-26 16:09:09,28.8,62.3,30,Safe,False
2026-05-26 16:09:12,28.8,62.4,27,Safe,False
2026-05-26 16:09:16,28.8,62.4,32,Safe,False
2026-05-26 16:09:19,28.8,62.4,31,Safe,False
2026-05-26 16:09:23,28.8,62.4,29,Safe,False
2026-05-26 16:09:26,28.8,62.4,29,Safe,False
2026-05-26 16:09:30,28.8,62.4,31,Safe,False
2026-05-26 16:09:33,28.8,62.3,31,Safe,False
2026-05-26 16:09:37,28.8,62.7,30,Safe,False
2026-05-26 16:09:40,28.8,62.6,23,Safe,False
2026-05-26 16:09:44,28.8,62.5,31,Safe,False
2026-05-26 16:09:47,28.8,62.4,30,Safe,False
2026-05-26 16:09:50,28.8,62.3,29,Safe,False
2026-05-26 16:09:54,28.8,62.2,29,Safe,False
2026-05-26 16:09:57,28.8,62.2,30,Safe,False
2026-05-26 16:10:01,28.8,62.2,33,Safe,False
2026-05-26 16:10:05,28.8,62.1,29,Safe,False
2026-05-26 16:10:08,28.8,62.1,29,Safe,False
2026-05-26 16:10:12,28.8,62.1,29,Safe,False
2026-05-26 16:10:15,28.8,62.1,30,Safe,False
2026-05-26 16:10:18,28.8,62.2,27,Safe,False
2026-05-26 16:10:22,28.8,62.1,29,Safe,False
2026-05-26 16:10:25,28.8,62.1,30,Safe,False
2026-05-26 16:10:29,28.8,62.1,28,Safe,False
2026-05-26 16:10:33,28.8,62.1,31,Safe,False
2026-05-26 16:10:36,28.8,62.2,29,Safe,False
2026-05-26 16:10:39,28.8,62.2,29,Safe,False
2026-05-26 16:10:42,28.8,62.2,30,Safe,False
2026-05-26 16:10:46,28.8,62.3,32,Safe,False
2026-05-26 16:10:49,28.8,62.3,30,Safe,False
2026-05-26 16:10:53,28.8,62.3,30,Safe,False
2026-05-26 16:10:56,28.8,62.3,29,Safe,False
2026-05-26 16:10:59,28.8,62.3,30,Safe,False
2026-05-26 16:11:02,28.7,62.4,26,Safe,False
2026-05-26 16:11:05,28.8,62.3,28,Safe,False
2026-05-26 16:11:09,28.8,62.4,31,Safe,False
2026-05-26 16:11:12,28.8,62.3,27,Safe,False
2026-05-26 16:11:15,28.8,62.4,30,Safe,False
2026-05-26 16:11:19,28.8,62.4,30,Safe,False
2026-05-26 16:11:22,28.8,62.4,29,Safe,False
2026-05-26 16:11:25,28.8,62.3,29,Safe,False
2026-05-26 16:11:29,28.8,62.4,29,Safe,False
2026-05-26 16:11:32,28.8,62.3,31,Safe,False
2026-05-26 16:11:36,28.8,62.2,29,Safe,False
2026-05-26 16:11:39,28.8,62.2,29,Safe,False
2026-05-26 16:11:42,28.8,62.2,30,Safe,False
2026-05-26 16:11:45,28.8,62.2,31,Safe,False
2026-05-26 16:11:48,28.8,62.2,31,Safe,False
2026-05-26 16:11:52,28.7,62.2,27,Safe,True
2026-05-26 16:11:55,28.8,62.1,33,Safe,False
2026-05-26 16:11:58,28.8,62.2,26,Safe,False
2026-05-26 16:12:01,28.7,62.3,30,Safe,True
2026-05-26 16:12:05,28.8,62.1,30,Safe,False
2026-05-26 16:12:08,28.7,62.3,48,Safe,True
2026-05-26 16:12:11,28.8,62.2,30,Safe,False
2026-05-26 16:12:15,28.8,62.1,29,Safe,False
2026-05-26 16:12:18,28.8,62.1,31,Safe,False
2026-05-26 16:12:21,28.8,62.1,29,Safe,False
2026-05-26 16:12:24,28.7,62.1,28,Safe,True
2026-05-26 16:12:27,28.7,62.2,30,Safe,True
2026-05-26 16:12:31,28.8,62.1,27,Safe,False
2026-05-26 16:12:34,28.7,62.2,31,Safe,True
2026-05-26 16:12:37,28.7,62.2,29,Safe,True
2026-05-26 16:12:40,28.7,62.2,31,Safe,True
2026-05-26 16:12:43,28.7,62.2,29,Safe,True
2026-05-26 16:12:46,28.7,62.2,29,Safe,True
2026-05-26 16:12:50,28.7,62.1,29,Safe,False
2026-05-26 16:12:53,28.7,62.1,30,Safe,False
2026-05-26 16:12:56,28.7,62.1,29,Safe,False
2026-05-26 16:12:59,28.8,62,32,Safe,False
2026-05-26 16:13:02,28.7,62,29,Safe,True
2026-05-26 16:13:06,28.7,62.1,30,Safe,False
2026-05-26 16:13:09,28.7,62.1,27,Safe,True
2026-05-26 16:13:12,28.7,62.1,29,Safe,False
2026-05-26 16:13:15,28.8,62,32,Safe,False
2026-05-26 16:13:18,28.7,62.1,34,Safe,True
2026-05-26 16:13:21,28.7,62.1,32,Safe,True
2026-05-26 16:13:25,28.8,62,30,Safe,False
2026-05-26 16:13:28,28.8,62,31,Safe,False
2026-05-26 16:13:32,28.8,62,28,Safe,False
2026-05-26 16:13:35,28.8,62,30,Safe,False
2026-05-26 16:13:38,28.7,62,22,Safe,True
2026-05-26 16:13:41,28.8,62,30,Safe,False
2026-05-26 16:13:44,28.7,62.1,31,Safe,False
2026-05-26 16:13:48,28.7,62,30,Safe,False
2026-05-26 16:13:51,28.7,62,29,Safe,True
2026-05-26 16:13:54,28.7,62,32,Safe,True
2026-05-26 16:13:57,28.7,62,30,Safe,False
2026-05-26 16:14:01,28.7,62.1,35,Safe,True
2026-05-26 16:14:04,28.7,62,31,Safe,True
2026-05-26 16:14:07,28.7,62,30,Safe,False
2026-05-26 16:14:10,28.8,61.9,30,Safe,False
2026-05-26 16:14:14,28.7,62.1,28,Safe,False
2026-05-26 16:14:17,28.7,62.1,26,Safe,False
2026-05-26 16:14:20,28.8,61.9,28,Safe,False
2026-05-26 16:14:23,28.7,62,27,Safe,True
2026-05-26 16:14:27,28.8,61.8,30,Safe,False
2026-05-26 16:14:30,28.8,61.8,28,Safe,False
2026-05-26 16:14:33,28.8,61.7,17,Safe,True
2026-05-26 16:14:37,28.7,61.6,64,Safe,True
2026-05-26 16:14:40,28.7,61.6,34,Safe,True
2026-05-26 16:14:44,28.7,61.6,30,Safe,False
2026-05-26 16:14:47,28.7,61.8,27,Safe,False
2026-05-26 16:14:50,28.7,61.9,29,Safe,False
2026-05-26 16:14:53,28.8,61.8,28,Safe,False
2026-05-26 16:14:57,28.8,61.7,0,Safe,True
2026-05-26 16:15:00,28.7,61.6,29,Safe,False
2026-05-26 16:15:03,28.7,61.6,32,Safe,False
2026-05-26 16:15:06,28.7,61.6,28,Safe,False
2026-05-26 16:15:09,28.7,61.6,29,Safe,False
2026-05-26 16:15:13,28.7,61.6,30,Safe,False
2026-05-26 16:15:16,28.7,61.6,20,Safe,True
2026-05-26 16:15:19,28.7,61.6,32,Safe,False
2026-05-26 16:15:22,28.7,61.6,30,Safe,False
2026-05-26 16:15:26,28.7,61.6,29,Safe,False
2026-05-26 16:15:30,28.7,61.6,28,Safe,False
2026-05-26 16:15:33,28.7,61.6,29,Safe,False
2026-05-26 16:15:37,28.7,61.6,28,Safe,False
2026-05-26 16:15:40,28.8,61.6,24,Safe,False
2026-05-26 16:15:43,28.7,61.7,30,Safe,False
2026-05-26 16:15:47,28.7,61.8,26,Safe,False
2026-05-26 16:15:50,28.7,61.9,28,Safe,False
2026-05-26 16:15:53,28.8,62,29,Safe,False
2026-05-26 16:15:56,28.8,62,29,Safe,False
2026-05-26 16:16:00,28.8,62,30,Safe,False
2026-05-26 16:16:03,28.8,62,29,Safe,False
2026-05-26 16:16:06,28.8,62,30,Safe,False
2026-05-26 16:16:09,28.8,62,0,Safe,True
2026-05-26 16:16:13,28.8,62,31,Safe,False
2026-05-26 16:16:16,28.8,61.8,30,Safe,False
2026-05-26 16:16:19,28.7,61.8,35,Safe,False
2026-05-26 16:16:22,28.8,61.5,27,Safe,False
2026-05-26 16:16:25,28.7,61.6,28,Safe,False
2026-05-26 16:16:29,28.8,61.4,21,Safe,True
2026-05-26 16:16:32,28.8,61.3,16,Safe,True
2026-05-26 16:16:39,28.8,61.3,26,Safe,True
2026-05-26 16:16:42,28.7,61.4,25,Safe,False
2026-05-26 16:16:45,28.8,61.3,28,Safe,False
2026-05-26 16:16:48,28.8,61.3,29,Safe,False
2026-05-26 16:16:52,28.8,61.3,33,Safe,True
2026-05-26 16:16:55,28.8,61.3,30,Safe,False
2026-05-26 16:16:59,28.8,61.4,29,Safe,False
2026-05-26 16:17:03,28.8,61.4,28,Safe,False
2026-05-26 16:17:06,28.8,61.5,31,Safe,False
2026-05-26 16:17:09,28.8,61.5,28,Safe,False
2026-05-26 16:17:12,28.8,61.5,27,Safe,False
2026-05-26 16:17:16,28.8,61.7,29,Safe,False
2026-05-26 16:17:19,28.8,61.7,29,Safe,False
2026-05-26 16:17:23,28.8,61.7,29,Safe,False
2026-05-26 16:17:27,28.8,61.6,33,Safe,False
2026-05-26 16:17:30,28.8,61.5,27,Safe,False
2026-05-26 16:17:34,28.8,61.5,26,Safe,False
2026-05-26 16:17:37,28.8,61.5,28,Safe,False
2026-05-26 16:17:41,28.8,61.6,29,Safe,False
2026-05-26 16:17:44,28.8,61.6,29,Safe,False
2026-05-26 16:17:47,28.8,61.6,28,Safe,False
2026-05-26 16:17:50,28.8,61.5,65,Safe,True
2026-05-26 16:17:54,28.8,61.5,33,Safe,False
2026-05-26 16:17:58,28.8,61.5,28,Safe,False
2026-05-26 16:18:01,28.8,61.5,30,Safe,False
2026-05-26 16:18:05,28.8,61.5,33,Safe,False
2026-05-26 16:18:08,28.8,61.5,27,Safe,False
2026-05-26 16:18:12,28.8,61.5,22,Safe,False
2026-05-26 16:18:16,28.8,61.6,27,Safe,False
2026-05-26 16:18:19,28.8,61.5,29,Safe,False
2026-05-26 16:18:22,28.8,61.5,24,Safe,False
2026-05-26 16:18:26,28.8,61.5,25,Safe,False
2026-05-26 16:18:29,28.8,61.5,25,Safe,False
2026-05-26 16:18:32,28.8,61.6,23,Safe,False
2026-05-26 16:18:35,28.8,61.6,23,Safe,False
2026-05-26 16:18:39,28.8,61.5,22,Safe,False
2026-05-26 16:18:42,28.8,61.5,26,Safe,False
2026-05-26 16:18:45,28.8,61.5,25,Safe,False
2026-05-26 16:18:49,28.8,61.5,26,Safe,False
2026-05-26 16:18:52,28.8,61.5,26,Safe,False
2026-05-26 16:18:56,28.8,61.5,26,Safe,False
2026-05-26 16:18:59,28.8,61.5,26,Safe,False
2026-05-26 16:19:02,28.8,61.5,21,Safe,False
2026-05-26 16:19:05,28.8,61.7,19,Safe,False
2026-05-26 16:19:09,28.8,62,28,Safe,False
2026-05-26 16:19:12,28.8,62.2,26,Safe,False
2026-05-26 16:19:15,28.8,62.3,26,Safe,False
2026-05-26 16:19:19,28.8,62.2,39,Safe,False
2026-05-26 16:19:22,28.8,62.1,22,Safe,False
2026-05-26 16:19:25,28.8,62,23,Safe,False
2026-05-26 16:19:28,28.8,62,26,Safe,False
2026-05-26 16:19:31,28.8,62,26,Safe,False
2026-05-26 16:19:35,28.8,61.8,22,Safe,False
2026-05-26 16:19:38,28.8,61.8,23,Safe,False
2026-05-26 16:19:41,28.8,61.8,25,Safe,False
2026-05-26 16:19:44,28.8,61.7,26,Safe,False
2026-05-26 16:19:47,28.8,61.5,27,Safe,False
2026-05-26 16:19:51,28.8,61.5,24,Safe,False
2026-05-26 16:19:54,28.8,61.5,22,Safe,False
2026-05-26 16:19:57,28.8,61.4,23,Safe,False
2026-05-26 16:20:01,28.8,61.3,27,Safe,False
2026-05-26 16:20:04,28.8,61.2,29,Safe,False
2026-05-26 16:20:07,28.8,61.3,23,Safe,False
2026-05-26 16:20:10,28.8,61.7,27,Safe,False
2026-05-26 16:20:13,28.8,61.9,19,Safe,False
2026-05-26 16:20:17,28.8,62,22,Safe,False
2026-05-26 16:20:20,28.8,61.9,19,Safe,False
2026-05-26 16:20:23,28.8,61.8,19,Safe,False
2026-05-26 16:20:27,28.8,61.7,21,Safe,False
2026-05-26 16:20:30,28.8,61.5,18,Safe,False
2026-05-26 16:20:34,28.8,61.3,19,Safe,False
2026-05-26 16:20:37,28.8,61.3,19,Safe,False
2026-05-26 16:20:40,28.8,61.2,21,Safe,False
2026-05-26 16:20:44,28.8,61.1,17,Safe,False
2026-05-26 16:20:47,28.8,61.1,16,Safe,False
2026-05-26 16:20:51,28.8,61.1,12,Safe,False
2026-05-26 16:20:54,28.8,61.1,22,Safe,False
2026-05-26 16:20:57,28.8,61,21,Safe,False
2026-05-26 16:21:00,28.8,61.1,22,Safe,False
2026-05-26 16:21:04,28.8,61.1,22,Safe,False
2026-05-26 16:21:07,28.8,61.1,21,Safe,False
2026-05-26 16:21:10,28.8,61.1,19,Safe,False
2026-05-26 16:21:13,28.8,61.1,21,Safe,False
2026-05-26 16:21:17,28.8,61.1,25,Safe,False
2026-05-26 16:21:20,28.8,61.1,19,Safe,False
2026-05-26 16:21:23,28.8,61,19,Safe,False
2026-05-26 16:21:26,28.8,61,19,Safe,False
2026-05-26 16:21:29,28.8,61,57,Safe,True
2026-05-26 16:21:33,28.8,61,30,Safe,False
2026-05-26 16:21:36,28.8,61,16,Safe,False
2026-05-26 16:21:40,28.8,60.9,21,Safe,False
2026-05-26 16:21:43,28.8,60.8,21,Safe,False
2026-05-26 16:21:46,28.8,60.8,22,Safe,False
2026-05-26 16:21:49,28.8,61.2,25,Safe,False
2026-05-26 16:21:52,28.8,61.3,21,Safe,False
2026-05-26 16:21:56,28.8,61.3,22,Safe,False
2026-05-26 16:21:59,28.8,61.4,24,Safe,False
2026-05-26 16:22:02,28.8,61.3,21,Safe,False
2026-05-26 16:22:06,28.8,61.3,22,Safe,False
2026-05-26 16:22:09,28.8,61.2,44,Safe,False
2026-05-26 16:22:12,28.8,61.2,22,Safe,False
2026-05-26 16:22:15,28.8,61.1,21,Safe,False
2026-05-26 16:22:19,28.8,61.2,19,Safe,False
2026-05-26 16:22:22,28.8,61.2,23,Safe,False
2026-05-26 16:22:25,28.8,61.2,21,Safe,False
2026-05-26 16:22:29,28.8,61.1,16,Safe,False
2026-05-26 16:22:32,28.8,61.1,21,Safe,False
2026-05-26 16:22:36,28.8,61.1,20,Safe,False
2026-05-26 16:22:39,28.8,61,19,Safe,False
2026-05-26 16:22:42,28.8,61,21,Safe,False
2026-05-26 16:22:46,28.8,61,20,Safe,False
2026-05-26 16:22:49,28.8,61,20,Safe,False
2026-05-26 16:22:52,28.8,60.9,19,Safe,False
2026-05-26 16:22:55,28.8,60.9,21,Safe,False
2026-05-26 16:22:59,28.8,60.8,22,Safe,False
2026-05-26 16:23:03,28.8,60.8,20,Safe,False
2026-05-26 16:23:06,28.8,60.8,23,Safe,False
2026-05-26 16:23:09,28.8,60.8,21,Safe,False
2026-05-26 16:23:13,28.8,60.8,21,Safe,False
2026-05-26 16:23:16,28.8,60.8,21,Safe,False
2026-05-26 16:23:20,28.8,60.7,76,Safe,True
2026-05-26 16:23:24,28.8,60.7,62,Safe,True
2026-05-26 16:23:27,28.8,60.8,29,Safe,True
2026-05-26 16:23:31,28.8,60.7,22,Safe,False
2026-05-26 16:23:34,28.8,60.7,19,Safe,False
2026-05-26 16:23:37,28.8,60.6,21,Safe,False
2026-05-26 16:23:40,28.8,60.6,21,Safe,False
2026-05-26 16:23:44,28.8,60.7,22,Safe,False
2026-05-26 16:23:47,28.8,60.7,21,Safe,False
2026-05-26 16:23:51,28.8,60.7,22,Safe,False
2026-05-26 16:23:54,28.8,60.8,23,Safe,False
2026-05-26 16:23:58,28.8,60.8,21,Safe,False
2026-05-26 16:24:01,28.8,60.8,21,Safe,False
2026-05-26 16:24:04,28.8,60.8,19,Safe,False
2026-05-26 16:24:07,28.8,60.9,25,Safe,False
2026-05-26 16:24:11,28.8,60.8,22,Safe,False
2026-05-26 16:24:14,28.8,60.7,21,Safe,False
2026-05-26 16:24:17,28.8,60.7,25,Safe,False
2026-05-26 16:24:21,28.8,60.7,21,Safe,False
2026-05-26 16:24:24,28.8,60.8,20,Safe,False
2026-05-26 16:24:28,28.8,60.8,21,Safe,False
2026-05-26 16:24:31,28.8,60.8,21,Safe,False
2026-05-26 16:24:35,28.8,60.8,21,Safe,False
2026-05-26 16:24:38,28.8,60.8,22,Safe,False
2026-05-26 16:24:42,28.8,60.8,0,Safe,False
2026-05-26 16:24:45,28.8,60.9,21,Safe,False
2026-05-26 16:24:48,28.8,60.9,23,Safe,False
2026-05-26 16:24:52,28.8,61,22,Safe,False
2026-05-26 16:24:56,28.8,61,21,Safe,False
2026-05-26 16:25:00,28.8,60.9,20,Safe,False
2026-05-26 16:25:03,28.8,60.9,23,Safe,False
2026-05-26 16:25:07,28.8,60.7,21,Safe,False
2026-05-26 16:25:10,28.8,60.7,23,Safe,False
2026-05-26 16:25:13,28.8,60.7,23,Safe,False
2026-05-26 16:25:17,28.8,60.7,22,Safe,False
2026-05-26 16:25:20,28.8,60.7,21,Safe,False
2026-05-26 16:25:23,28.8,60.7,25,Safe,False
2026-05-26 16:25:27,28.8,60.7,21,Safe,False
2026-05-26 16:25:30,28.8,60.7,21,Safe,False
2026-05-26 16:25:34,28.8,60.8,22,Safe,False
2026-05-26 16:25:37,28.8,60.8,22,Safe,False
2026-05-26 16:25:40,28.8,60.9,23,Safe,False
2026-05-26 16:25:44,28.8,60.9,32,Safe,False
2026-05-26 16:25:47,28.8,60.9,21,Safe,False
2026-05-26 16:25:50,28.8,60.9,21,Safe,False
2026-05-26 16:25:53,28.8,60.9,22,Safe,False
2026-05-26 16:25:57,28.8,60.9,21,Safe,False
2026-05-26 16:26:00,28.8,60.9,29,Safe,False
2026-05-26 16:26:03,28.8,60.9,26,Safe,False
2026-05-26 16:26:07,28.8,60.9,19,Safe,False
2026-05-26 16:26:10,28.8,60.9,20,Safe,False
2026-05-26 16:26:14,28.8,60.9,26,Safe,False
2026-05-26 16:26:17,28.8,60.8,20,Safe,False
2026-05-26 16:26:20,28.8,60.9,23,Safe,False
2026-05-26 16:26:23,28.8,60.9,25,Safe,False
2026-05-26 16:26:27,28.8,61,22,Safe,False
2026-05-26 16:26:30,28.8,61,0,Safe,False
2026-05-26 16:26:34,28.8,61.1,21,Safe,False
2026-05-26 16:26:38,28.8,61.1,22,Safe,False
2026-05-26 16:26:41,28.8,61.1,22,Safe,False
2026-05-26 16:26:44,28.8,61.2,32,Safe,False
2026-05-26 16:26:48,28.8,61.2,23,Safe,False
2026-05-26 16:26:51,28.8,61.2,25,Safe,False
2026-05-26 16:26:54,28.8,61.2,21,Safe,False
2026-05-26 16:26:58,28.8,61.1,23,Safe,False
2026-05-26 16:27:02,28.8,61.1,21,Safe,False
2026-05-26 16:27:05,28.8,61.1,22,Safe,False
2026-05-26 16:27:08,28.8,61.1,23,Safe,False
2026-05-26 16:27:11,28.8,61,25,Safe,False
2026-05-26 16:27:14,28.8,60.9,22,Safe,False
2026-05-26 16:27:18,28.8,60.8,39,Safe,False
2026-05-26 16:27:21,28.8,60.8,31,Safe,False
2026-05-26 16:27:24,28.8,60.8,24,Safe,False
2026-05-26 16:27:28,28.8,60.7,22,Safe,False
2026-05-26 16:27:32,28.8,60.8,22,Safe,False
2026-05-26 16:27:35,28.8,60.8,21,Safe,False
2026-05-26 16:27:38,28.8,60.9,21,Safe,False
2026-05-26 16:27:42,28.7,61,19,Safe,False
2026-05-26 16:27:45,28.8,61,23,Safe,False
2026-05-26 16:27:49,28.8,61,21,Safe,False
2026-05-26 16:27:52,28.8,61,22,Safe,False
2026-05-26 16:27:55,28.8,61,32,Safe,False
2026-05-26 16:27:59,28.8,61,17,Safe,False
2026-05-26 16:28:02,28.8,60.9,21,Safe,False
2026-05-26 16:28:06,28.8,60.9,29,Safe,False
2026-05-26 16:28:09,28.8,60.9,27,Safe,False
2026-05-26 16:28:12,28.8,60.8,22,Safe,False
2026-05-26 16:28:15,28.8,60.8,23,Safe,False
2026-05-26 16:28:19,28.8,60.7,0,Safe,True
2026-05-26 16:28:22,28.8,60.7,70,Safe,True
2026-05-26 16:28:26,28.8,60.7,28,Safe,False
2026-05-26 16:28:29,28.8,60.8,18,Safe,False
2026-05-26 16:28:33,28.8,61.2,19,Safe,False
2026-05-26 16:28:36,28.8,61.3,21,Safe,False
2026-05-26 16:28:40,28.8,61.4,21,Safe,False
2026-05-26 16:28:44,28.8,61.3,19,Safe,False
2026-05-26 16:28:47,28.8,61.2,21,Safe,False
2026-05-26 16:28:50,28.8,61.1,21,Safe,False
2026-05-26 16:28:54,28.8,61.1,22,Safe,False
2026-05-26 16:28:57,28.8,61.1,22,Safe,False
2026-05-26 16:29:01,28.8,61.1,0,Safe,False
2026-05-26 16:29:04,28.8,61.1,20,Safe,False
2026-05-26 16:29:08,28.8,61.1,21,Safe,False
2026-05-26 16:29:11,28.8,61.1,24,Safe,False
2026-05-26 16:29:15,28.8,61.1,21,Safe,False
2026-05-26 16:29:18,28.8,61.2,20,Safe,False
2026-05-26 16:29:22,28.8,61.2,22,Safe,False
2026-05-26 16:29:26,28.8,61.2,22,Safe,False
2026-05-26 16:29:29,28.8,61.2,23,Safe,False
2026-05-26 16:29:33,28.8,61.2,23,Safe,False
2026-05-26 16:29:36,28.8,61.2,21,Safe,False
2026-05-26 16:29:40,28.8,61.2,22,Safe,False
2026-05-26 16:29:44,28.8,61.2,22,Safe,False
2026-05-26 16:29:47,28.8,61.2,21,Safe,False
2026-05-26 16:29:51,28.8,61.2,30,Safe,False
2026-05-26 16:29:54,28.8,61.3,35,Safe,False
2026-05-26 16:29:57,28.8,61.5,34,Safe,True
